id,frame,localx,localy,length,width,speedx,speedy,accx,accy,class,lane,precedingid,speedr,gap,yaw,maneuver,leftlane,rightlane,id-left-pre,localy-left-pre,speedy-left-pre,id-left-foll,localy-left-foll,speedy-left-foll,id-right-pre,localy-right-pre,speedy-right-pre,id-right-foll,localy-right-foll,speedy-right-foll
55,463,5.5799736,103.6240752,4.69392,1.64592,0.012192,5.535168,-0.36576,0.94488,2,2,24,0.103632,9.6975168,89.87379805,1,1,3,0,0,0,44,97.0202784,8.388096,54,107.077764,4.501896,86,83.906868,3.313176
55,464,5.5811928,104.17302,4.69392,1.64592,0.012192,5.489448,1.08E-13,-0.4572,2,2,24,0.423672,9.739884,89.87274695,1,1,3,0,0,0,44,97.8584784,8.382,54,107.5050936,4.273296,86,84.2381856,3.313176
55,465,5.582412,104.720136,4.69392,1.64592,0.012192,5.47116,0,-0.18288,2,2,24,0.82296,9.82218,89.87232159,1,1,3,0,0,0,44,98.6966784,8.382,54,107.8955424,3.904488,86,84.5695032,3.313176
55,466,5.5833264,105.2699952,4.69392,1.64592,0.009144,5.498592,-0.03048,0.27432,2,2,24,1.085088,9.9306888,89.90471886,1,1,3,0,0,0,44,99.5348784,8.382,54,108.2549016,3.593592,86,84.900516,3.310128
55,467,5.5845456,105.8192448,4.69392,1.64592,0.012192,5.492496,0.03048,-0.06096,2,2,24,1.143,10.0449888,89.87281757,1,1,3,0,0,0,44,100.3730784,8.382,54,108.6026784,3.477768,86,85.2318336,3.313176
55,468,5.5857648,106.3672752,4.69392,1.64592,0.012192,5.480304,1.08E-13,-0.12192,2,2,24,1.12776,10.1577648,89.87253463,1,1,3,0,0,0,44,101.2115832,8.385048,54,108.9696576,3.669792,86,85.5631512,3.313176
55,469,5.586984,106.9110384,4.69392,1.64592,0.012192,5.437632,-1.08E-13,-0.42672,2,2,24,1.255776,10.2833424,89.87153434,1,1,3,0,0,0,44,102.0494784,8.378952,54,109.3799184,4.102608,86,85.8944688,3.313176
55,470,5.5882032,107.4493152,4.69392,1.64592,0.012192,5.382768,1.08E-13,-0.54864,2,2,24,1.621536,10.445496,89.87022496,1,1,3,0,0,0,44,102.8873736,8.378952,54,109.8258408,4.459224,86,86.2257864,3.313176
55,471,5.5894224,107.9833248,4.69392,1.64592,0.012192,5.340096,0,-0.42672,2,2,24,1.880616,10.6335576,89.86918795,1,1,3,0,0,0,44,103.7228304,8.354568,54,110.2769448,4.51104,86,86.557104,3.313176
55,472,5.5906416,108.5161152,4.69392,1.64592,0.012192,5.327904,-1.08E-13,-0.12192,2,2,24,1.914144,10.824972,89.86888861,1,1,3,0,0,0,44,104.5531056,8.302752,54,110.7006168,4.23672,86,86.8884216,3.313176
55,473,5.591556,109.0489056,4.69392,1.64592,0.009144,5.327904,-0.03048,0,2,2,24,1.944624,11.0194344,89.90166638,1,1,3,0,0,0,44,105.3885624,8.354568,54,111.0883224,3.877056,86,87.2197392,3.313176
55,474,5.5927752,109.5826104,4.69392,1.64592,0.012192,5.337048,0.03048,0.09144,2,2,24,2.04216,11.2236504,89.86911324,1,1,3,0,0,0,44,106.2526704,8.64108,54,111.463836,3.755136,86,87.5510568,3.313176
55,475,5.5936896,110.1157056,4.69392,1.64592,0.009144,5.330952,-0.03048,-0.06096,2,2,24,2.246376,11.448288,89.9017226,1,1,3,0,0,0,44,107.1628032,9.101328,54,111.8567232,3.928872,86,87.8820696,3.310128
55,476,5.5949088,110.646972,4.69392,1.64592,0.012192,5.312664,0.03048,-0.18288,2,2,24,2.298192,11.6781072,89.8685125,1,1,3,0,0,0,44,108.1119504,9.491472,54,112.2752136,4.184904,86,88.2133872,3.313176
55,477,5.5967376,111.177324,4.69392,1.64592,0.018288,5.30352,0.06096,-0.09144,2,2,24,2.380488,11.916156,89.80242913,1,1,3,0,0,0,44,109.1071224,9.95172,54,112.7022384,4.270248,86,88.5447048,3.313176
55,478,5.5982616,111.7140768,4.69392,1.64592,0.01524,5.367528,-0.03048,0.64008,2,2,24,2.548128,12.1709688,89.83732077,1,1,3,0,0,0,44,110.1309456,10.238232,54,113.1246912,4.224528,86,88.8760224,3.313176
55,479,5.594604,112.266984,4.69392,1.64592,-0.036576,5.529072,-0.51816,1.61544,2,2,24,2.410968,12.4120656,90.37901837,1,1,3,0,0,0,44,111.1587312,10.277856,54,113.5492776,4.245864,86,89.20734,3.313176
55,480,5.58546,112.8418368,4.69392,1.64592,-0.09144,5.748528,-0.54864,2.19456,2,2,24,2.023872,12.6144528,90.91130882,1,1,3,0,0,0,44,112.1804208,10.216896,54,113.992152,4.428744,86,89.5386576,3.313176
55,481,5.5714392,113.432844,4.69392,1.64592,-0.140208,5.910072,-0.48768,1.61544,2,2,24,1.566672,12.77112,91.35900546,1,1,3,0,0,0,44,113.20272,10.222992,54,114.4466088,4.544568,86,89.8699752,3.313176
55,482,5.556504,114.030252,4.69392,1.64592,-0.149352,5.97408,-0.09144,0.64008,2,2,24,1.316736,12.9027936,91.43209618,1,1,3,44,114.2295912,10.268712,2,82.0561224,8.043672,54,114.8931408,4.46532,86,90.2012928,3.313176
55,483,5.5424832,114.6267456,4.69392,1.64592,-0.140208,5.964936,0.09144,-0.09144,2,2,24,1.213104,13.024104,91.34651028,1,1,3,44,115.2531096,10.235184,2,82.8303144,7.74192,54,115.3299192,4.367784,86,90.5323056,3.310128
55,484,5.5287672,115.2217152,4.69392,1.64592,-0.13716,5.949696,0.03048,-0.1524,2,2,24,0.987552,13.1228592,91.32062166,1,1,3,44,116.2565112,10.034016,2,83.586828,7.565136,54,115.7673072,4.37388,86,90.8636232,3.313176
55,485,5.5147464,115.8136368,4.69392,1.64592,-0.140208,5.919216,-0.03048,-0.3048,2,2,24,0.978408,13.2207,91.35690685,1,1,3,44,117.2148024,9.582912,2,84.3713832,7.845552,54,116.2238976,4.565904,86,91.1949408,3.313176
55,486,5.5004208,116.4083016,4.69392,1.64592,-0.143256,5.946648,-0.03048,0.27432,2,2,24,1.155192,13.3362192,91.38000045,1,1,3,44,118.134384,9.195816,2,85.2031824,8.317992,54,116.7015192,4.776216,86,91.5262584,3.313176
55,487,5.4857904,117.011196,4.69392,1.64592,-0.146304,6.028944,-0.03048,0.82296,2,2,24,1.26492,13.4627112,91.3901202,1,1,3,44,119.0207424,8.863584,2,86.0736912,8.705088,54,117.1840176,4.824984,86,91.857576,3.313176
55,488,5.4687216,117.6217104,4.69392,1.64592,-0.170688,6.105144,-0.24384,0.762,2,2,24,1.2192,13.5846312,91.60146183,1,1,3,44,119.9058816,8.851392,2,86.9856528,9.119616,54,117.6628584,4.788408,86,92.1888936,3.313176
55,489,5.4556152,118.2413688,4.69392,1.64592,-0.131064,6.196584,0.39624,0.9144,2,2,24,1.008888,13.68552,91.21168284,1,1,3,44,120.8062608,9.003792,2,87.9082824,9.226296,51,131.6251368,4.264152,54,118.1249352,4.620768
55,490,5.4483,118.8686472,4.69392,1.64592,-0.073152,6.272784,0.57912,0.762,2,2,24,0.810768,13.7665968,90.66814207,1,1,3,44,121.7182224,9.119616,2,88.8260352,9.177528,51,132.0975768,4.7244,54,118.5632376,4.383024
55,491,5.4455568,119.5041552,4.69392,1.64592,-0.027432,6.35508,0.4572,0.82296,2,2,24,0.59436,13.8260328,90.24731838,1,1,3,44,122.6326224,9.144,2,89.739216,9.131808,51,132.589524,4.919472,54,118.9795944,4.163568
55,492,5.443728,120.1463688,4.69392,1.64592,-0.018288,6.422136,0.09144,0.67056,2,2,24,0.344424,13.8604752,90.16315792,1,1,3,44,123.547632,9.150096,2,90.6533112,9.140952,51,133.0677552,4.782312,54,119.3816256,4.020312
55,493,5.4412896,120.7879728,4.69392,1.64592,-0.024384,6.41604,-0.06096,-0.06096,2,2,24,0.216408,13.882116,90.21775013,1,1,3,44,124.4626416,9.150096,2,91.568016,9.147048,51,133.5045336,4.367784,54,119.7961536,4.14528
55,494,5.4385464,121.4283576,4.69392,1.64592,-0.027432,6.403848,-0.03048,-0.12192,2,2,24,0.109728,13.8930888,90.24543497,1,1,3,44,125.3800896,9.17448,2,92.4821112,9.140952,51,133.9215,4.169664,54,120.2365896,4.40436
55,495,5.4358032,122.0681328,4.69392,1.64592,-0.027432,6.397752,0,-0.06096,2,2,24,-0.006096,13.8924792,90.24566882,1,1,3,44,126.2914416,9.11352,2,93.3955968,9.134856,51,134.34822,4.2672,54,120.6974472,4.608576
55,496,5.4333648,122.7054696,4.69392,1.64592,-0.024384,6.373368,0.03048,-0.24384,2,2,24,0.006096,13.8930888,90.21920803,1,1,3,44,127.1893824,8.979408,2,94.3045104,9.089136,51,134.7737208,4.255008,54,121.1662296,4.687824
55,497,5.431536,123.341892,4.69392,1.64592,-0.018288,6.364224,0.06096,-0.09144,2,2,24,0.219456,13.9150344,90.16464259,1,1,3,44,128.0818368,8.924544,2,95.2094616,9.049512,51,135.1989168,4.25196,54,121.6280016,4.61772
55,498,5.4287928,123.9859344,4.69392,1.64592,-0.027432,6.440424,-0.09144,0.762,2,2,24,0.499872,13.9650216,90.24404113,1,1,3,44,128.98374,9.019032,2,96.1238616,9.144,51,135.6271608,4.28244,54,122.0748384,4.468368
55,499,5.4214776,124.6507032,4.69392,1.64592,-0.073152,6.647688,-0.4572,2.07264,2,2,24,0.463296,14.0113512,90.63046456,1,1,3,44,129.9106368,9.268968,2,97.0693512,9.454896,51,136.0636344,4.364736,54,122.497596,4.227576
55,500,5.4077616,125.3422944,4.69392,1.64592,-0.13716,6.915912,-0.64008,2.68224,2,2,24,0.140208,14.025372,91.13617105,1,1,3,44,130.8713664,9.607296,2,98.0538552,9.84504,51,136.5110808,4.474464,54,122.8865208,3.889248
55,501,5.3897784,126.0616224,4.69392,1.64592,-0.179832,7.19328,-0.42672,2.77368,2,2,24,-0.265176,13.9988544,91.43209618,1,1,3,44,131.8583088,9.869424,2,99.0801168,10.262616,51,136.9667568,4.55676,54,123.2464896,3.599688
55,502,5.370576,126.7745496,4.69392,1.64592,-0.192024,7.129272,-0.12192,-0.64008,2,2,24,-0.344424,13.964412,91.54286515,1,1,3,44,132.8556144,9.973056,2,100.1225328,10.42416,51,137.4254808,4.58724,54,123.594876,3.483864
55,503,5.352288,127.4576064,4.69392,1.64592,-0.18288,6.830568,0.09144,-2.98704,2,2,24,-0.170688,13.9473432,91.53365716,1,1,3,44,133.8480432,9.924288,2,101.1731784,10.506456,51,137.8839,4.584192,54,123.9588072,3.639312
55,504,5.3376576,128.127252,4.69392,1.64592,-0.146304,6.696456,0.36576,-1.34112,2,2,24,-0.112776,13.9360656,91.25159761,1,1,3,44,134.8261464,9.781032,2,102.2323584,10.5918,51,138.3420144,4.581144,54,124.3605336,4.017264
55,505,5.3352192,128.8072608,4.69392,1.64592,-0.024384,6.800088,1.2192,1.03632,2,2,24,-0.082296,13.927836,90.20545239,1,1,3,44,135.799068,9.729216,2,103.2903192,10.579608,51,138.7979952,4.559808,54,124.8009696,4.40436
55,506,5.3330856,129.51714,4.69392,1.64592,-0.021336,7.098792,0.03048,2.98704,2,2,24,0.003048,13.9281408,90.17220663,1,1,3,44,136.7777808,9.787128,2,104.339136,10.488168,51,139.2487944,4.507992,54,125.2694472,4.684776
55,507,5.3297328,130.2407352,4.69392,1.64592,-0.033528,7.235952,-0.12192,1.3716,2,2,24,0.246888,13.9528296,90.26547981,1,1,3,44,137.7577128,9.79932,2,105.3855144,10.463784,51,139.7026416,4.538472,54,125.7562128,4.867656
55,508,5.3272944,130.9506144,4.69392,1.64592,-0.024384,7.098792,0.09144,-1.3716,2,2,24,0.56388,14.0092176,90.1968074,1,1,3,44,138.7285008,9.70788,2,106.4684688,10.829544,51,140.1793488,4.767072,54,126.2539512,4.977384
55,509,5.3297328,131.6729904,4.69392,1.64592,0.024384,7.22376,0.48768,1.24968,2,2,24,0.448056,14.0540232,89.80659726,1,1,3,44,139.6746,9.460992,2,107.5901328,11.21664,51,140.7023856,5.230368,54,126.7699776,5.160264
55,510,5.3379624,132.4221888,4.69392,1.64592,0.082296,7.491984,0.57912,2.68224,2,2,24,0.128016,14.0668248,89.37065751,1,1,3,44,140.5883904,9.137904,2,108.7642224,11.740896,51,141.2616936,5.59308,54,127.2643632,4.943856
55,511,5.335524,133.1811408,4.69392,1.64592,-0.024384,7.58952,-1.0668,0.97536,2,2,24,0.033528,14.0701776,90.18408219,1,1,3,44,141.477492,8.891016,2,109.9462368,11.820144,51,141.8670264,6.053328,54,127.708152,4.437888
55,512,5.3349144,133.9303392,4.69392,1.64592,-0.006096,7.491984,0.18288,-0.97536,2,2,24,0.176784,14.087856,90.04661983,1,1,3,44,142.3571448,8.796528,2,111.111792,11.655552,51,142.495524,6.284976,54,128.1330432,4.248912
13,282,12.7266192,82.9165728,4.51104,1.95072,-0.256032,2.426208,-0.1524,-6.33984,2,4,15,-1.624584,4.3766232,96.02399308,1,3,5,50,87.9366288,1.972056,51,70.0092072,2.063496,4,91.6204416,2.42316,27,80.1773352,3.358896
13,283,12.707112,83.102196,4.51104,1.95072,-0.195072,1.856232,0.6096,-5.69976,2,4,15,-0.9906,4.2775632,95.99921097,1,3,5,50,88.1118888,1.7526,51,70.2158616,2.066544,4,91.7984448,1.780032,27,80.4507408,2.734056
13,284,12.6982728,83.239356,4.51104,1.95072,-0.088392,1.3716,1.0668,-4.84632,2,4,15,-0.582168,4.2193464,93.68729577,1,3,5,50,88.2621552,1.502664,51,70.422516,2.066544,4,91.9096968,1.11252,27,80.6750736,2.243328
13,285,12.70254,83.3268336,4.51104,1.95072,0.042672,0.874776,1.31064,-4.96824,2,4,15,-0.271272,4.1922192,87.20729763,1,3,5,50,88.388952,1.267968,51,70.6291704,2.066544,4,91.9660848,0.56388,27,80.9051976,2.30124
13,286,12.7028448,83.387184,4.51104,1.95072,0.003048,0.603504,-0.39624,-2.71272,2,4,15,-0.237744,4.1684448,89.71062984,1,3,5,50,88.4998992,1.109472,51,70.8358248,2.066544,4,91.9660848,0,27,81.1429416,2.37744
13,287,12.7028448,83.4518016,4.51104,1.95072,0,0.646176,-0.03048,0.42672,2,4,15,-0.438912,4.1245536,90,1,3,5,50,88.6202952,1.20396,51,71.0424792,2.066544,4,91.9660848,0,27,81.3788568,2.359152
13,288,12.7022352,83.550252,4.51104,1.95072,-0.006096,0.984504,-0.06096,3.38328,2,4,15,-0.710184,4.0535352,90.35476809,1,3,5,50,88.773,1.527048,51,71.2488288,2.063496,4,91.9660848,0,27,81.6150768,2.3622
13,289,12.7016256,83.6776584,4.51104,1.95072,-0.006096,1.274064,0,2.8956,2,4,15,-0.749808,3.9785544,90.27414039,1,3,5,50,88.9470408,1.740408,51,71.4554832,2.066544,4,91.9660848,0,27,81.8512968,2.3622
13,290,12.701016,83.7974448,4.51104,1.95072,-0.006096,1.197864,2.17E-13,-0.762,2,4,15,-0.341376,3.9444168,90.29157906,1,3,5,50,89.1018792,1.548384,51,71.6621376,2.066544,4,91.9660848,0,27,82.0878216,2.365248
13,291,12.7004064,83.8858368,4.51104,1.95072,-0.006096,0.88392,-2.17E-13,-3.13944,2,4,15,0.35052,3.9794688,90.39513704,1,3,5,50,89.211912,1.100328,51,71.8684872,2.063496,4,91.9852872,0.192024,27,82.3240416,2.3622
13,292,12.7004064,83.9568552,4.51104,1.95072,0,0.710184,0.06096,-1.73736,2,4,15,0.835152,4.062984,90,1,3,5,50,89.2893312,0.774192,51,72.0751416,2.066544,4,92.043504,0.582168,27,82.5602616,2.3622
13,293,12.6997968,84.0461616,4.51104,1.95072,-0.006096,0.893064,-0.06096,1.8288,2,4,15,0.819912,4.1449752,90.3910914,1,3,5,50,89.3579112,0.6858,51,72.281796,2.066544,4,92.1239712,0.804672,27,82.7964816,2.3622
13,294,12.699492,84.1656432,4.51104,1.95072,-0.003048,1.194816,0.03048,3.01752,2,4,15,0.539496,4.1989248,90.14616239,1,3,5,50,89.4307584,0.728472,51,72.4884504,2.066544,4,92.2093152,0.85344,27,83.0327016,2.3622
13,295,12.7028448,84.2927448,4.51104,1.95072,0.033528,1.271016,0.36576,0.762,2,4,15,0.417576,4.2406824,88.48895096,1,3,5,50,89.5087872,0.780288,51,72.6951048,2.066544,4,92.2839912,0.74676,27,83.2686168,2.359152
13,296,12.6961392,84.3905856,4.51104,1.95072,-0.067056,0.978408,-1.00584,-2.92608,2,4,15,0.694944,4.3101768,93.92068253,1,3,5,50,89.5834632,0.74676,51,72.9014544,2.063496,4,92.34678,0.627888,27,83.5054464,2.368296
13,297,12.6760224,84.4442304,4.51104,1.95072,-0.201168,0.536448,-1.34112,-4.4196,2,4,15,1.17348,4.4275248,110.5560452,1,3,5,50,89.6560056,0.725424,51,73.1081088,2.066544,4,92.3995104,0.527304,27,83.7465432,2.410968
13,298,12.6528576,84.4805016,4.51104,1.95072,-0.231648,0.362712,-0.3048,-1.73736,2,4,15,1.328928,4.5604176,122.5645585,1,3,5,50,89.7349488,0.789432,51,73.3147632,2.066544,4,92.4467544,0.47244,27,83.98764,2.410968
13,299,12.6418848,84.5350608,4.51104,1.95072,-0.109728,0.545592,1.2192,1.8288,2,4,15,0.987552,4.6591728,101.3714746,1,3,5,50,89.8224264,0.874776,51,73.5214176,2.066544,4,92.4952176,0.484632,27,84.2153256,2.276856
13,300,12.6525528,84.6201,4.51104,1.95072,0.10668,0.850392,2.16408,3.048,2,4,15,0.48768,4.7079408,82.84970982,1,3,5,50,89.9172192,0.947928,51,73.728072,2.066544,4,92.5415472,0.463296,27,84.409788,1.944624
13,301,12.6723648,84.723732,4.51104,1.95072,0.19812,1.03632,0.9144,1.85928,2,4,15,0.195072,4.727448,79.17698877,1,3,5,50,90.0202416,1.030224,51,73.9344216,2.063496,4,92.5903152,0.48768,27,84.5634072,1.536192
13,302,12.6873,84.8279736,4.51104,1.95072,0.149352,1.042416,-0.48768,0.06096,2,4,15,0.225552,4.7500032,81.84644461,1,3,5,50,90.1388088,1.185672,51,74.141076,2.066544,4,92.6524944,0.621792,27,84.6838032,1.20396
13,303,12.7022352,84.9273384,4.51104,1.95072,0.149352,0.993648,0,-0.48768,2,4,15,0.36576,4.7865792,81.45204652,1,3,5,50,90.28176,1.429512,51,74.3477304,2.066544,4,92.7378384,0.85344,27,84.7904832,1.0668
13,304,12.7168656,85.0260936,4.51104,1.95072,0.146304,0.987552,-0.03048,-0.06096,2,4,15,0.393192,4.8258984,81.57303098,1,3,5,50,90.4335504,1.517904,51,74.5543848,2.066544,4,92.8561008,1.182624,27,84.8971632,1.0668
13,305,12.731496,85.1251536,4.51104,1.95072,0.146304,0.9906,0,0.03048,2,4,15,0.381,4.8639984,81.59858948,1,3,5,50,90.57132,1.377696,51,74.7610392,2.066544,4,93.0042336,1.481328,27,85.00872,1.115568
13,306,12.7464312,85.2242136,4.51104,1.95072,0.149352,0.9906,0.03048,1.73E-12,2,4,15,0.381,4.9020984,81.42613542,1,3,5,50,90.697812,1.26492,51,74.9676936,2.066544,4,93.1639488,1.597152,27,85.1208864,1.121664
13,307,12.7613664,85.3235784,4.51104,1.95072,0.149352,0.993648,0,0.03048,2,4,15,0.377952,4.9398936,81.45204652,1,3,5,50,90.8337528,1.359408,51,75.1740432,2.063496,4,93.3062904,1.423416,27,85.232748,1.118616
13,308,12.7759968,85.4226384,4.51104,1.95072,0.146304,0.9906,-0.03048,-0.03048,2,4,15,0.381,4.9779936,81.59858948,1,3,5,50,90.9956016,1.618488,51,75.3806976,2.066544,4,93.4035216,0.972312,27,85.3443048,1.115568
13,309,12.7906272,85.5216984,4.51104,1.95072,0.146304,0.9906,2.17E-13,1.73E-12,2,4,15,0.381,5.0160936,81.59858948,1,3,5,50,91.1784816,1.8288,51,75.587352,2.066544,4,93.46692,0.633984,27,85.4561664,1.118616
13,310,12.8055624,85.6207584,4.51104,1.95072,0.149352,0.9906,0.03048,-1.73E-12,2,4,15,0.381,5.0541936,81.42613542,1,3,5,50,91.3647144,1.862328,51,75.7937016,2.063496,4,93.523308,0.56388,27,85.5677232,1.115568
13,311,12.8201928,85.7201232,4.51104,1.95072,0.146304,0.993648,-0.03048,0.03048,2,4,15,0.377952,5.0919888,81.62399452,1,3,5,50,91.5488136,1.840992,51,76.000356,2.066544,4,93.5967648,0.734568,27,85.6795848,1.118616
13,312,12.835128,85.8191832,4.51104,1.95072,0.149352,0.9906,0.03048,-0.03048,2,4,15,0.381,5.1300888,81.42613542,1,3,5,50,91.7319984,1.831848,51,76.2070104,2.066544,4,93.7022256,1.054608,27,85.7914464,1.118616
13,313,12.8497584,85.918548,4.51104,1.95072,0.146304,0.993648,-0.03048,0.03048,2,4,15,0.377952,5.167884,81.62399452,1,3,5,50,91.9145736,1.825752,51,76.4136648,2.066544,4,93.8329848,1.307592,27,85.9030032,1.115568
13,314,12.8643888,86.0173032,4.51104,1.95072,0.146304,0.987552,0,-0.06096,2,4,15,0.387096,5.2065936,81.57303098,1,3,5,50,92.0974536,1.8288,51,76.6203192,2.066544,4,93.9829464,1.499616,27,86.0148648,1.118616
13,315,12.879324,86.1130104,4.51104,1.95072,0.149352,0.957072,0.03048,-0.3048,2,4,15,0.414528,5.2480464,81.13047381,1,3,5,50,92.2803336,1.8288,51,76.8266688,2.063496,27,86.1267264,1.118616,31,68.9402736,3.264408
13,316,12.8951736,86.2074984,4.51104,1.95072,0.158496,0.94488,0.09144,-0.12192,2,4,15,0.423672,5.2904136,80.47774499,1,3,5,50,92.4629088,1.825752,51,77.0333232,2.066544,27,86.238588,1.118616,31,69.2664096,3.26136
13,317,12.909804,86.31174,4.51104,1.95072,0.146304,1.042416,-0.12192,0.97536,2,4,15,0.310896,5.3215032,82.01067323,1,3,5,50,92.6457888,1.8288,51,77.2399776,2.066544,27,86.3501448,1.115568,31,69.5928504,3.264408
13,318,12.9198624,86.4415848,4.51104,1.95072,0.100584,1.298448,-0.4572,2.56032,2,4,15,0.048768,5.32638,85.5704407,1,3,5,50,92.8286688,1.8288,51,77.446632,2.066544,27,86.4620064,1.118616,31,69.9192912,3.264408
13,319,12.92352,86.6049576,4.51104,1.95072,0.036576,1.633728,-0.64008,3.3528,2,4,15,-0.2286,5.30352,88.71747292,1,3,5,50,93.0115488,1.8288,51,77.6505432,2.039112,4,94.7489088,1.527048,27,86.5735632,1.115568
13,320,12.9229104,86.7939336,4.51104,1.95072,-0.006096,1.88976,-0.42672,2.56032,2,4,15,-0.326136,5.2709064,90.18482445,1,3,5,50,93.197172,1.856232,51,77.859636,2.090928,4,94.9022232,1.533144,27,86.6854248,1.118616
13,321,12.9207768,86.9923584,4.51104,1.95072,-0.021336,1.984248,-0.1524,0.94488,2,4,15,-0.207264,5.25018,90.61605991,1,3,5,50,93.377004,1.79832,51,78.079092,2.19456,4,95.054928,1.527048,27,86.7972864,1.118616
13,322,12.9198624,87.1898688,4.51104,1.95072,-0.009144,1.975104,0.12192,-0.09144,2,4,15,-0.03048,5.247132,90.26525634,1,3,5,50,93.5455584,1.685544,51,78.3028152,2.237232,4,95.2070232,1.520952,27,86.9088432,1.115568
13,323,12.9192528,87.3840264,4.51104,1.95072,-0.006096,1.941576,0.03048,-0.33528,2,4,15,0.073152,5.2544472,90.17989197,1,3,5,50,93.7089312,1.633728,51,78.5222712,2.19456,4,95.3591184,1.520952,27,87.0207048,1.118616
13,324,12.9183384,87.5784888,4.51104,1.95072,-0.009144,1.944624,-0.03048,0.03048,2,4,15,0.064008,5.260848,90.26941391,1,3,5,50,93.875352,1.664208,51,78.731364,2.090928,4,95.5112136,1.520952,27,87.1325664,1.118616
13,325,12.917424,87.7708176,4.51104,1.95072,-0.009144,1.923288,0,-0.21336,2,4,15,0.06096,5.266944,90.2724026,1,3,5,50,94.0533552,1.780032,51,78.93558,2.04216,4,95.6636136,1.524,27,87.2441232,1.115568
13,326,12.9162048,87.9567456,4.51104,1.95072,-0.012192,1.85928,-0.03048,-0.64008,2,4,15,0.118872,5.2788312,90.37570464,1,3,5,50,94.2417216,1.883664,51,79.1419296,2.063496,4,95.8166232,1.530096,27,87.3568992,1.12776
13,327,12.9171192,88.151208,4.51104,1.95072,0.009144,1.944624,0.21336,0.85344,2,4,15,0.033528,5.282184,89.73058609,1,3,5,50,94.4395368,1.978152,51,79.348584,2.066544,4,95.9681088,1.514856,27,87.4705896,1.136904
13,328,12.9134616,88.375236,4.51104,1.95072,-0.036576,2.24028,-0.4572,2.95656,2,4,15,-0.25908,5.256276,90.9353582,1,3,5,50,94.6532016,2.136648,51,79.5552384,2.066544,4,96.1153272,1.472184,27,87.5769648,1.063752
13,329,12.8997456,88.6257816,4.51104,1.95072,-0.13716,2.505456,-1.00584,2.65176,2,4,15,-0.524256,5.2038504,93.13350243,1,3,5,50,94.8793632,2.261616,51,79.7618928,2.066544,4,96.2652888,1.499616,27,87.67572,0.987552
13,330,12.9177288,88.8723648,4.51104,1.95072,0.179832,2.465832,3.16992,-0.39624,2,4,15,-0.484632,5.1553872,85.82882964,1,3,5,50,95.1100968,2.307336,51,79.9685472,2.066544,4,96.4332336,1.679448,27,87.7802664,1.045464
13,331,12.9475992,89.0729232,4.51104,1.95072,0.298704,2.005584,1.18872,-4.60248,2,4,15,-0.021336,5.1532536,81.52885537,1,3,5,50,95.3405256,2.304288,51,80.1748968,2.063496,4,96.627696,1.944624,27,87.9152928,1.350264
100,470,12.4108464,68.864988,4.69392,1.79832,0.155448,4.614672,0.03048,8.66E-13,2,4,84,-0.637032,10.15746,88.07068675,1,3,5,86,86.2257864,3.313176,90,59.432952,3.206496,67,71.634096,3.788664,77,52.2939264,2.886456
100,471,12.4260864,69.3264552,4.69392,1.79832,0.1524,4.614672,-0.03048,0,2,4,84,-0.481584,10.1093016,88.10848867,1,3,5,86,86.557104,3.313176,90,59.7523824,3.194304,67,72.0419184,4.078224,77,52.6136616,3.197352
100,472,12.4416312,69.7879224,4.69392,1.79832,0.155448,4.614672,0.03048,-8.66E-13,2,4,84,-0.637032,10.0455984,88.07068675,1,3,5,86,86.8884216,3.313176,90,60.066936,3.145536,67,72.4409016,3.989832,77,52.9355304,3.218688
100,473,12.4568712,70.2493896,4.69392,1.79832,0.1524,4.614672,-0.03048,8.66E-13,2,4,84,-0.917448,9.9538536,88.10848867,1,3,5,86,87.2197392,3.313176,90,60.3817944,3.148584,67,72.8078808,3.669792,77,53.2488648,3.133344
100,474,12.472416,70.7108568,4.69392,1.79832,0.155448,4.614672,0.03048,0,2,4,84,-1.121664,9.8416872,88.07068675,1,3,5,86,87.5510568,3.313176,90,60.7125024,3.30708,67,73.1571816,3.493008,77,53.5542744,3.054096
100,475,12.487656,71.172324,4.69392,1.79832,0.1524,4.614672,-0.03048,-8.66E-13,2,4,84,-1.069848,9.7347024,88.10848867,1,3,5,86,87.8820696,3.310128,90,61.0825296,3.700272,67,73.5256848,3.685032,77,53.8517592,2.974848
100,476,12.5032008,71.6334864,4.69392,1.79832,0.155448,4.611624,0.03048,-0.03048,2,4,84,-0.917448,9.6429576,88.06941256,1,3,5,86,88.2133872,3.313176,90,61.4897424,4.072128,67,73.927716,4.020312,77,54.1425384,2.907792
100,477,12.5187456,72.0949536,4.69392,1.79832,0.155448,4.614672,0,0.03048,2,4,84,-0.874776,9.55548,88.07068675,1,3,5,86,88.5447048,3.313176,90,61.9362744,4.46532,67,74.359008,4.31292,77,54.4308792,2.883408
100,478,12.5339856,72.5564208,4.69392,1.79832,0.1524,4.614672,-0.03048,-8.66E-13,2,4,84,-0.877824,9.4676976,88.10848867,1,3,5,86,88.8760224,3.313176,90,62.3992656,4.629912,67,74.7973104,4.383024,77,54.7195248,2.886456
100,479,12.5495304,73.017888,4.69392,1.79832,0.155448,4.614672,0.03048,8.66E-13,2,4,84,-0.893064,9.3783912,88.07068675,1,3,5,86,89.20734,3.313176,90,62.8625616,4.63296,67,75.2289072,4.315968,77,55.0093896,2.898648
100,480,12.5647704,73.4793552,4.69392,1.79832,0.1524,4.614672,-0.03048,0,2,4,84,-0.810768,9.2973144,88.10848867,1,3,5,86,89.5386576,3.313176,90,63.3194568,4.568952,67,75.6656856,4.367784,77,55.2986448,2.892552
100,481,12.5803152,73.9408224,4.69392,1.79832,0.155448,4.614672,0.03048,-8.66E-13,2,4,84,-0.77724,9.2195904,88.07068675,1,3,5,86,89.8699752,3.313176,90,63.7806192,4.611624,67,76.1088648,4.431792,77,55.5827184,2.840736
100,482,12.5955552,74.4022896,4.69392,1.79832,0.1524,4.614672,-0.03048,8.66E-13,2,4,84,-0.966216,9.1229688,88.10848867,1,3,5,86,90.2012928,3.313176,90,64.2466584,4.660392,67,76.5499104,4.410456,77,55.8670968,2.843784
100,483,12.6111,74.8637568,4.69392,1.79832,0.155448,4.614672,0.03048,0,2,4,84,-1.161288,9.00684,88.07068675,1,3,5,86,90.5323056,3.310128,90,64.6974576,4.507992,67,76.97724,4.273296,77,56.1667152,2.996184
100,484,12.62634,75.325224,4.69392,1.79832,0.1524,4.614672,-0.03048,-8.66E-13,2,4,84,-1.237488,8.8830912,88.10848867,1,3,5,86,90.8636232,3.313176,90,65.1086328,4.111752,67,77.407008,4.29768,77,56.5059576,3.392424
100,485,12.64158,75.7866912,4.69392,1.79832,0.1524,4.614672,2.17E-13,8.66E-13,2,4,84,-1.17348,8.7657432,88.10848867,1,3,5,86,91.1949408,3.313176,90,65.47866,3.700272,67,77.8797528,4.727448,77,56.8826904,3.767328
100,486,12.65682,76.2478536,4.69392,1.79832,0.1524,4.611624,-2.17E-13,-0.03048,2,4,84,-0.947928,8.6709504,88.1072394,1,3,5,86,91.5262584,3.313176,90,65.8425912,3.639312,67,78.3921216,5.123688,77,57.299352,4.166616
100,487,12.6723648,76.7093208,4.69392,1.79832,0.155448,4.614672,0.03048,0.03048,2,4,84,-0.621792,8.6087712,88.07068675,1,3,5,86,91.857576,3.313176,90,66.265044,4.224528,67,78.937104,5.449824,77,57.7315584,4.322064
100,488,12.6879096,77.1671304,4.69392,1.79832,0.155448,4.578096,0,-0.36576,2,4,84,-0.19812,8.5889592,88.05528459,1,3,5,86,92.1888936,3.313176,90,66.723768,4.58724,67,79.4848296,5.477256,77,58.1637648,4.322064
100,489,12.7031496,77.6322552,4.69392,1.79832,0.1524,4.651248,-0.03048,0.73152,2,4,84,0.170688,8.606028,88.12335226,1,3,5,86,92.5202112,3.313176,90,67.2321744,5.084064,67,80.020668,5.358384,77,58.5913992,4.276344
100,490,12.7186944,78.1132296,4.69392,1.79832,0.155448,4.809744,0.03048,1.58496,2,4,84,0.283464,8.6343744,88.14887961,1,3,5,86,92.8539672,3.33756,90,67.7640504,5.31876,67,80.540352,5.19684,77,59.0169,4.255008
100,491,12.7318008,78.6003,4.69392,1.79832,0.131064,4.870704,-0.24384,0.6096,2,4,84,0.128016,8.647176,88.45862069,1,3,5,86,93.1828464,3.288792,90,68.2931832,5.291328,67,81.037176,4.96824,77,59.437524,4.20624
100,492,12.7449072,79.0809696,4.69392,1.79832,0.131064,4.806696,0,-0.64008,2,4,84,-0.067056,8.6404704,88.43810513,1,3,5,86,93.5016672,3.188208,90,68.8159152,5.22732,67,81.51876,4.81584,77,59.8599768,4.224528
100,493,12.7577088,79.543656,4.69392,1.79832,0.128016,4.626864,-0.03048,-1.79832,2,4,84,-0.143256,8.6261448,88.41514561,1,3,5,86,93.8165256,3.148584,90,69.3395616,5.236464,67,81.994248,4.75488,77,60.3007176,4.407408
100,494,12.7708152,79.997808,4.69392,1.79832,0.131064,4.54152,0.03048,-0.85344,2,4,84,-0.103632,8.6157816,88.34695645,1,3,5,86,94.1353464,3.188208,90,69.8635128,5.239512,67,82.4679072,4.736592,77,60.7883976,4.8768
100,495,12.7839216,80.4632376,4.69392,1.79832,0.131064,4.654296,0,1.12776,2,4,84,0.039624,8.619744,88.38698912,1,3,5,86,94.4642256,3.288792,90,70.3871592,5.236464,67,82.95132,4.834128,77,61.3096056,5.21208
100,496,12.797028,80.9481744,4.69392,1.79832,0.131064,4.849368,0,1.95072,2,4,84,0.170688,8.6368128,88.4518423,1,3,5,86,94.7979816,3.33756,90,70.9111104,5.239512,67,83.4627744,5.114544,77,61.8771432,5.675376
100,497,12.8098296,81.4584096,4.69392,1.79832,0.128016,5.102352,-0.03048,2.52984,2,4,84,0.188976,8.6557104,88.562773,1,3,5,86,95.1289944,3.310128,90,71.4350616,5.239512,67,84.0080616,5.452872,77,62.4644928,5.873496
100,498,12.8226312,81.9878472,4.69392,1.79832,0.128016,5.294376,0,1.92024,2,4,84,0.149352,8.6706456,88.61487972,1,3,5,86,95.460312,3.313176,90,71.958708,5.236464,67,84.5679792,5.599176,77,63.0536712,5.891784
100,499,12.8354328,82.5246,4.69392,1.79832,0.128016,5.367528,-2.17E-13,0.73152,2,4,84,0.09144,8.6797896,88.63374979,1,3,5,86,95.7916296,3.313176,90,72.4826592,5.239512,67,85.1208864,5.529072,77,63.6373632,5.83692
100,500,12.8479296,83.0607432,4.69392,1.79832,0.124968,5.361432,-0.03048,-0.06096,2,4,84,0.143256,8.6941152,88.66475175,1,3,5,86,96.123252,3.316224,90,73.0063056,5.236464,67,85.6612968,5.404104,77,64.2189216,5.815584
100,501,12.8607312,83.594448,4.69392,1.79832,0.128016,5.337048,0.03048,-0.24384,2,4,84,0.231648,8.71728,88.62595009,1,3,5,86,96.4542648,3.310128,90,73.5302568,5.239512,67,86.1953064,5.340096,77,64.8007848,5.818632
100,502,12.873228,84.1275432,4.69392,1.79832,0.124968,5.330952,-0.03048,-0.06096,2,4,84,0.48768,8.766048,88.65712018,1,3,5,86,96.7822296,3.279648,90,74.0539032,5.236464,67,86.7174288,5.221224,77,65.382648,5.818632
100,503,12.8863344,84.6606384,4.69392,1.79832,0.131064,5.330952,0.06096,-1.73E-12,2,4,84,0.829056,8.8489536,88.59163962,1,3,5,86,97.1089752,3.267456,90,74.5778544,5.239512,67,87.206328,4.888992,77,65.964816,5.82168
100,504,12.9000504,85.1934288,4.69392,1.79832,0.13716,5.327904,0.06096,-0.03048,2,4,84,0.947928,8.9437464,88.52531995,1,3,5,86,97.4454744,3.364992,90,75.1018056,5.239512,67,87.6595656,4.532376,77,66.5466792,5.818632
100,505,12.9125472,85.7274384,4.69392,1.79832,0.124968,5.340096,-0.12192,0.12192,2,4,84,0.451104,8.9888568,88.65941879,1,3,5,86,97.807272,3.617976,90,75.625452,5.236464,67,88.10244,4.428744,77,67.1288472,5.82168
100,506,12.9207768,86.26602,4.69392,1.79832,0.082296,5.385816,-0.42672,0.4572,2,4,84,0.042672,8.993124,89.12458083,1,3,5,86,98.2032072,3.959352,90,76.1494032,5.239512,67,88.5648216,4.623816,77,67.7107104,5.818632
100,507,12.9229104,86.8097832,4.69392,1.79832,0.021336,5.437632,-0.6096,0.51816,2,4,84,-0.573024,8.9358216,89.77518588,1,3,5,86,98.6247456,4.215384,90,76.6703064,5.209032,67,89.0582928,4.934712,77,68.2928784,5.82168
100,508,12.9201672,87.3575088,4.69392,1.79832,-0.027432,5.477256,-0.48768,0.39624,2,4,84,-0.633984,8.8724232,90.28695476,1,3,5,86,99.0560376,4.31292,90,77.196696,5.263896,67,89.567004,5.087112,77,68.8747416,5.818632
100,509,12.9168144,87.9070632,4.69392,1.79832,-0.033528,5.495544,-0.06096,0.18288,2,4,84,-0.374904,8.8349328,90.34955394,1,3,5,86,99.4861104,4.300728,90,77.7349728,5.382768,67,90.0796776,5.126736,77,69.4566048,5.818632
100,510,12.9140712,88.456008,4.69392,1.79832,-0.027432,5.489448,0.06096,-0.06096,2,4,84,-0.03048,8.8318848,90.28631745,1,3,5,86,99.91344,4.273296,90,78.2762976,5.413248,67,90.5984472,5.187696,77,70.0387728,5.82168
100,511,12.911328,89.0040384,4.69392,1.79832,-0.027432,5.480304,0,-0.09144,2,4,84,0.222504,8.8541352,90.28679517,1,3,5,86,100.3395504,4.261104,90,78.8191464,5.428488,67,91.130628,5.321808,77,70.620636,5.818632
100,512,12.9088896,89.5542024,4.69392,1.79832,-0.024384,5.50164,0.03048,0.21336,2,4,84,0.41148,8.8952832,90.25394085,1,3,5,86,100.7662704,4.2672,90,79.35468,5.355336,67,91.6814016,5.507736,77,71.2024992,5.818632
100,513,12.9064512,90.1092432,4.69392,1.79832,-0.024384,5.550408,2.17E-13,0.48768,2,4,84,0.50292,8.9455752,90.25170966,1,3,5,86,101.1929904,4.2672,90,79.8679632,5.132832,67,92.2483296,5.66928,77,71.7846672,5.82168
100,514,12.9085848,90.6591024,4.69392,1.79832,0.021336,5.498592,0.4572,-0.51816,2,4,84,0.64008,9.0095832,89.77767825,1,3,5,86,101.6197104,4.2672,90,80.331564,4.636008,67,92.8036752,5.553456,77,72.3665304,5.818632
100,515,12.9012696,91.1882352,4.69392,1.79832,-0.073152,5.291328,-0.94488,-2.07264,2,4,84,0.877824,9.0973656,90.79205709,1,3,5,86,102.0473448,4.276344,90,80.7518832,4.203192,67,93.325188,5.215128,77,72.9486984,5.82168
100,516,12.8750568,91.6871928,4.69392,1.79832,-0.262128,4.989576,-1.88976,-3.01752,2,4,84,1.118616,9.2092272,93.00727635,1,3,5,86,102.4731504,4.258056,90,81.1292256,3.773424,67,93.8268888,5.017008,77,73.5305616,5.818632
100,517,12.841224,92.1639,4.69392,1.79832,-0.338328,4.767072,-0.762,-2.22504,2,4,84,1.164336,9.3256608,94.05958153,1,3,5,86,102.895908,4.227576,90,81.4510944,3.218688,67,94.3304184,5.035296,77,74.1124248,5.818632
100,518,12.8147064,92.6479224,4.69392,1.79832,-0.265176,4.840224,0.73152,0.73152,2,4,84,0.86868,9.4125288,93.13586559,1,3,5,86,103.3174464,4.215384,90,81.764124,3.130296,67,94.8586368,5.282184,77,74.6945928,5.82168
100,519,12.8083056,93.1389552,4.69392,1.79832,-0.064008,4.910328,2.01168,0.70104,2,4,84,0.74676,9.4872048,90.74683006,1,3,5,86,103.7398992,4.224528,90,82.0930032,3.288792,67,95.4020952,5.434584,77,75.276456,5.818632
